name,type,direction,description
feat_0000,float,,NaFM scaffold-aware natural-product embedding dimension 0
feat_0001,float,,NaFM scaffold-aware natural-product embedding dimension 1
feat_0002,float,,NaFM scaffold-aware natural-product embedding dimension 2
feat_0003,float,,NaFM scaffold-aware natural-product embedding dimension 3
feat_0004,float,,NaFM scaffold-aware natural-product embedding dimension 4
feat_0005,float,,NaFM scaffold-aware natural-product embedding dimension 5
feat_0006,float,,NaFM scaffold-aware natural-product embedding dimension 6
feat_0007,float,,NaFM scaffold-aware natural-product embedding dimension 7
feat_0008,float,,NaFM scaffold-aware natural-product embedding dimension 8
feat_0009,float,,NaFM scaffold-aware natural-product embedding dimension 9
feat_0010,float,,NaFM scaffold-aware natural-product embedding dimension 10
feat_0011,float,,NaFM scaffold-aware natural-product embedding dimension 11
feat_0012,float,,NaFM scaffold-aware natural-product embedding dimension 12
feat_0013,float,,NaFM scaffold-aware natural-product embedding dimension 13
feat_0014,float,,NaFM scaffold-aware natural-product embedding dimension 14
feat_0015,float,,NaFM scaffold-aware natural-product embedding dimension 15
feat_0016,float,,NaFM scaffold-aware natural-product embedding dimension 16
feat_0017,float,,NaFM scaffold-aware natural-product embedding dimension 17
feat_0018,float,,NaFM scaffold-aware natural-product embedding dimension 18
feat_0019,float,,NaFM scaffold-aware natural-product embedding dimension 19
feat_0020,float,,NaFM scaffold-aware natural-product embedding dimension 20
feat_0021,float,,NaFM scaffold-aware natural-product embedding dimension 21
feat_0022,float,,NaFM scaffold-aware natural-product embedding dimension 22
feat_0023,float,,NaFM scaffold-aware natural-product embedding dimension 23
feat_0024,float,,NaFM scaffold-aware natural-product embedding dimension 24
feat_0025,float,,NaFM scaffold-aware natural-product embedding dimension 25
feat_0026,float,,NaFM scaffold-aware natural-product embedding dimension 26
feat_0027,float,,NaFM scaffold-aware natural-product embedding dimension 27
feat_0028,float,,NaFM scaffold-aware natural-product embedding dimension 28
feat_0029,float,,NaFM scaffold-aware natural-product embedding dimension 29
feat_0030,float,,NaFM scaffold-aware natural-product embedding dimension 30
feat_0031,float,,NaFM scaffold-aware natural-product embedding dimension 31
feat_0032,float,,NaFM scaffold-aware natural-product embedding dimension 32
feat_0033,float,,NaFM scaffold-aware natural-product embedding dimension 33
feat_0034,float,,NaFM scaffold-aware natural-product embedding dimension 34
feat_0035,float,,NaFM scaffold-aware natural-product embedding dimension 35
feat_0036,float,,NaFM scaffold-aware natural-product embedding dimension 36
feat_0037,float,,NaFM scaffold-aware natural-product embedding dimension 37
feat_0038,float,,NaFM scaffold-aware natural-product embedding dimension 38
feat_0039,float,,NaFM scaffold-aware natural-product embedding dimension 39
feat_0040,float,,NaFM scaffold-aware natural-product embedding dimension 40
feat_0041,float,,NaFM scaffold-aware natural-product embedding dimension 41
feat_0042,float,,NaFM scaffold-aware natural-product embedding dimension 42
feat_0043,float,,NaFM scaffold-aware natural-product embedding dimension 43
feat_0044,float,,NaFM scaffold-aware natural-product embedding dimension 44
feat_0045,float,,NaFM scaffold-aware natural-product embedding dimension 45
feat_0046,float,,NaFM scaffold-aware natural-product embedding dimension 46
feat_0047,float,,NaFM scaffold-aware natural-product embedding dimension 47
feat_0048,float,,NaFM scaffold-aware natural-product embedding dimension 48
feat_0049,float,,NaFM scaffold-aware natural-product embedding dimension 49
feat_0050,float,,NaFM scaffold-aware natural-product embedding dimension 50
feat_0051,float,,NaFM scaffold-aware natural-product embedding dimension 51
feat_0052,float,,NaFM scaffold-aware natural-product embedding dimension 52
feat_0053,float,,NaFM scaffold-aware natural-product embedding dimension 53
feat_0054,float,,NaFM scaffold-aware natural-product embedding dimension 54
feat_0055,float,,NaFM scaffold-aware natural-product embedding dimension 55
feat_0056,float,,NaFM scaffold-aware natural-product embedding dimension 56
feat_0057,float,,NaFM scaffold-aware natural-product embedding dimension 57
feat_0058,float,,NaFM scaffold-aware natural-product embedding dimension 58
feat_0059,float,,NaFM scaffold-aware natural-product embedding dimension 59
feat_0060,float,,NaFM scaffold-aware natural-product embedding dimension 60
feat_0061,float,,NaFM scaffold-aware natural-product embedding dimension 61
feat_0062,float,,NaFM scaffold-aware natural-product embedding dimension 62
feat_0063,float,,NaFM scaffold-aware natural-product embedding dimension 63
feat_0064,float,,NaFM scaffold-aware natural-product embedding dimension 64
feat_0065,float,,NaFM scaffold-aware natural-product embedding dimension 65
feat_0066,float,,NaFM scaffold-aware natural-product embedding dimension 66
feat_0067,float,,NaFM scaffold-aware natural-product embedding dimension 67
feat_0068,float,,NaFM scaffold-aware natural-product embedding dimension 68
feat_0069,float,,NaFM scaffold-aware natural-product embedding dimension 69
feat_0070,float,,NaFM scaffold-aware natural-product embedding dimension 70
feat_0071,float,,NaFM scaffold-aware natural-product embedding dimension 71
feat_0072,float,,NaFM scaffold-aware natural-product embedding dimension 72
feat_0073,float,,NaFM scaffold-aware natural-product embedding dimension 73
feat_0074,float,,NaFM scaffold-aware natural-product embedding dimension 74
feat_0075,float,,NaFM scaffold-aware natural-product embedding dimension 75
feat_0076,float,,NaFM scaffold-aware natural-product embedding dimension 76
feat_0077,float,,NaFM scaffold-aware natural-product embedding dimension 77
feat_0078,float,,NaFM scaffold-aware natural-product embedding dimension 78
feat_0079,float,,NaFM scaffold-aware natural-product embedding dimension 79
feat_0080,float,,NaFM scaffold-aware natural-product embedding dimension 80
feat_0081,float,,NaFM scaffold-aware natural-product embedding dimension 81
feat_0082,float,,NaFM scaffold-aware natural-product embedding dimension 82
feat_0083,float,,NaFM scaffold-aware natural-product embedding dimension 83
feat_0084,float,,NaFM scaffold-aware natural-product embedding dimension 84
feat_0085,float,,NaFM scaffold-aware natural-product embedding dimension 85
feat_0086,float,,NaFM scaffold-aware natural-product embedding dimension 86
feat_0087,float,,NaFM scaffold-aware natural-product embedding dimension 87
feat_0088,float,,NaFM scaffold-aware natural-product embedding dimension 88
feat_0089,float,,NaFM scaffold-aware natural-product embedding dimension 89
feat_0090,float,,NaFM scaffold-aware natural-product embedding dimension 90
feat_0091,float,,NaFM scaffold-aware natural-product embedding dimension 91
feat_0092,float,,NaFM scaffold-aware natural-product embedding dimension 92
feat_0093,float,,NaFM scaffold-aware natural-product embedding dimension 93
feat_0094,float,,NaFM scaffold-aware natural-product embedding dimension 94
feat_0095,float,,NaFM scaffold-aware natural-product embedding dimension 95
feat_0096,float,,NaFM scaffold-aware natural-product embedding dimension 96
feat_0097,float,,NaFM scaffold-aware natural-product embedding dimension 97
feat_0098,float,,NaFM scaffold-aware natural-product embedding dimension 98
feat_0099,float,,NaFM scaffold-aware natural-product embedding dimension 99
feat_0100,float,,NaFM scaffold-aware natural-product embedding dimension 100
feat_0101,float,,NaFM scaffold-aware natural-product embedding dimension 101
feat_0102,float,,NaFM scaffold-aware natural-product embedding dimension 102
feat_0103,float,,NaFM scaffold-aware natural-product embedding dimension 103
feat_0104,float,,NaFM scaffold-aware natural-product embedding dimension 104
feat_0105,float,,NaFM scaffold-aware natural-product embedding dimension 105
feat_0106,float,,NaFM scaffold-aware natural-product embedding dimension 106
feat_0107,float,,NaFM scaffold-aware natural-product embedding dimension 107
feat_0108,float,,NaFM scaffold-aware natural-product embedding dimension 108
feat_0109,float,,NaFM scaffold-aware natural-product embedding dimension 109
feat_0110,float,,NaFM scaffold-aware natural-product embedding dimension 110
feat_0111,float,,NaFM scaffold-aware natural-product embedding dimension 111
feat_0112,float,,NaFM scaffold-aware natural-product embedding dimension 112
feat_0113,float,,NaFM scaffold-aware natural-product embedding dimension 113
feat_0114,float,,NaFM scaffold-aware natural-product embedding dimension 114
feat_0115,float,,NaFM scaffold-aware natural-product embedding dimension 115
feat_0116,float,,NaFM scaffold-aware natural-product embedding dimension 116
feat_0117,float,,NaFM scaffold-aware natural-product embedding dimension 117
feat_0118,float,,NaFM scaffold-aware natural-product embedding dimension 118
feat_0119,float,,NaFM scaffold-aware natural-product embedding dimension 119
feat_0120,float,,NaFM scaffold-aware natural-product embedding dimension 120
feat_0121,float,,NaFM scaffold-aware natural-product embedding dimension 121
feat_0122,float,,NaFM scaffold-aware natural-product embedding dimension 122
feat_0123,float,,NaFM scaffold-aware natural-product embedding dimension 123
feat_0124,float,,NaFM scaffold-aware natural-product embedding dimension 124
feat_0125,float,,NaFM scaffold-aware natural-product embedding dimension 125
feat_0126,float,,NaFM scaffold-aware natural-product embedding dimension 126
feat_0127,float,,NaFM scaffold-aware natural-product embedding dimension 127
feat_0128,float,,NaFM scaffold-aware natural-product embedding dimension 128
feat_0129,float,,NaFM scaffold-aware natural-product embedding dimension 129
feat_0130,float,,NaFM scaffold-aware natural-product embedding dimension 130
feat_0131,float,,NaFM scaffold-aware natural-product embedding dimension 131
feat_0132,float,,NaFM scaffold-aware natural-product embedding dimension 132
feat_0133,float,,NaFM scaffold-aware natural-product embedding dimension 133
feat_0134,float,,NaFM scaffold-aware natural-product embedding dimension 134
feat_0135,float,,NaFM scaffold-aware natural-product embedding dimension 135
feat_0136,float,,NaFM scaffold-aware natural-product embedding dimension 136
feat_0137,float,,NaFM scaffold-aware natural-product embedding dimension 137
feat_0138,float,,NaFM scaffold-aware natural-product embedding dimension 138
feat_0139,float,,NaFM scaffold-aware natural-product embedding dimension 139
feat_0140,float,,NaFM scaffold-aware natural-product embedding dimension 140
feat_0141,float,,NaFM scaffold-aware natural-product embedding dimension 141
feat_0142,float,,NaFM scaffold-aware natural-product embedding dimension 142
feat_0143,float,,NaFM scaffold-aware natural-product embedding dimension 143
feat_0144,float,,NaFM scaffold-aware natural-product embedding dimension 144
feat_0145,float,,NaFM scaffold-aware natural-product embedding dimension 145
feat_0146,float,,NaFM scaffold-aware natural-product embedding dimension 146
feat_0147,float,,NaFM scaffold-aware natural-product embedding dimension 147
feat_0148,float,,NaFM scaffold-aware natural-product embedding dimension 148
feat_0149,float,,NaFM scaffold-aware natural-product embedding dimension 149
feat_0150,float,,NaFM scaffold-aware natural-product embedding dimension 150
feat_0151,float,,NaFM scaffold-aware natural-product embedding dimension 151
feat_0152,float,,NaFM scaffold-aware natural-product embedding dimension 152
feat_0153,float,,NaFM scaffold-aware natural-product embedding dimension 153
feat_0154,float,,NaFM scaffold-aware natural-product embedding dimension 154
feat_0155,float,,NaFM scaffold-aware natural-product embedding dimension 155
feat_0156,float,,NaFM scaffold-aware natural-product embedding dimension 156
feat_0157,float,,NaFM scaffold-aware natural-product embedding dimension 157
feat_0158,float,,NaFM scaffold-aware natural-product embedding dimension 158
feat_0159,float,,NaFM scaffold-aware natural-product embedding dimension 159
feat_0160,float,,NaFM scaffold-aware natural-product embedding dimension 160
feat_0161,float,,NaFM scaffold-aware natural-product embedding dimension 161
feat_0162,float,,NaFM scaffold-aware natural-product embedding dimension 162
feat_0163,float,,NaFM scaffold-aware natural-product embedding dimension 163
feat_0164,float,,NaFM scaffold-aware natural-product embedding dimension 164
feat_0165,float,,NaFM scaffold-aware natural-product embedding dimension 165
feat_0166,float,,NaFM scaffold-aware natural-product embedding dimension 166
feat_0167,float,,NaFM scaffold-aware natural-product embedding dimension 167
feat_0168,float,,NaFM scaffold-aware natural-product embedding dimension 168
feat_0169,float,,NaFM scaffold-aware natural-product embedding dimension 169
feat_0170,float,,NaFM scaffold-aware natural-product embedding dimension 170
feat_0171,float,,NaFM scaffold-aware natural-product embedding dimension 171
feat_0172,float,,NaFM scaffold-aware natural-product embedding dimension 172
feat_0173,float,,NaFM scaffold-aware natural-product embedding dimension 173
feat_0174,float,,NaFM scaffold-aware natural-product embedding dimension 174
feat_0175,float,,NaFM scaffold-aware natural-product embedding dimension 175
feat_0176,float,,NaFM scaffold-aware natural-product embedding dimension 176
feat_0177,float,,NaFM scaffold-aware natural-product embedding dimension 177
feat_0178,float,,NaFM scaffold-aware natural-product embedding dimension 178
feat_0179,float,,NaFM scaffold-aware natural-product embedding dimension 179
feat_0180,float,,NaFM scaffold-aware natural-product embedding dimension 180
feat_0181,float,,NaFM scaffold-aware natural-product embedding dimension 181
feat_0182,float,,NaFM scaffold-aware natural-product embedding dimension 182
feat_0183,float,,NaFM scaffold-aware natural-product embedding dimension 183
feat_0184,float,,NaFM scaffold-aware natural-product embedding dimension 184
feat_0185,float,,NaFM scaffold-aware natural-product embedding dimension 185
feat_0186,float,,NaFM scaffold-aware natural-product embedding dimension 186
feat_0187,float,,NaFM scaffold-aware natural-product embedding dimension 187
feat_0188,float,,NaFM scaffold-aware natural-product embedding dimension 188
feat_0189,float,,NaFM scaffold-aware natural-product embedding dimension 189
feat_0190,float,,NaFM scaffold-aware natural-product embedding dimension 190
feat_0191,float,,NaFM scaffold-aware natural-product embedding dimension 191
feat_0192,float,,NaFM scaffold-aware natural-product embedding dimension 192
feat_0193,float,,NaFM scaffold-aware natural-product embedding dimension 193
feat_0194,float,,NaFM scaffold-aware natural-product embedding dimension 194
feat_0195,float,,NaFM scaffold-aware natural-product embedding dimension 195
feat_0196,float,,NaFM scaffold-aware natural-product embedding dimension 196
feat_0197,float,,NaFM scaffold-aware natural-product embedding dimension 197
feat_0198,float,,NaFM scaffold-aware natural-product embedding dimension 198
feat_0199,float,,NaFM scaffold-aware natural-product embedding dimension 199
feat_0200,float,,NaFM scaffold-aware natural-product embedding dimension 200
feat_0201,float,,NaFM scaffold-aware natural-product embedding dimension 201
feat_0202,float,,NaFM scaffold-aware natural-product embedding dimension 202
feat_0203,float,,NaFM scaffold-aware natural-product embedding dimension 203
feat_0204,float,,NaFM scaffold-aware natural-product embedding dimension 204
feat_0205,float,,NaFM scaffold-aware natural-product embedding dimension 205
feat_0206,float,,NaFM scaffold-aware natural-product embedding dimension 206
feat_0207,float,,NaFM scaffold-aware natural-product embedding dimension 207
feat_0208,float,,NaFM scaffold-aware natural-product embedding dimension 208
feat_0209,float,,NaFM scaffold-aware natural-product embedding dimension 209
feat_0210,float,,NaFM scaffold-aware natural-product embedding dimension 210
feat_0211,float,,NaFM scaffold-aware natural-product embedding dimension 211
feat_0212,float,,NaFM scaffold-aware natural-product embedding dimension 212
feat_0213,float,,NaFM scaffold-aware natural-product embedding dimension 213
feat_0214,float,,NaFM scaffold-aware natural-product embedding dimension 214
feat_0215,float,,NaFM scaffold-aware natural-product embedding dimension 215
feat_0216,float,,NaFM scaffold-aware natural-product embedding dimension 216
feat_0217,float,,NaFM scaffold-aware natural-product embedding dimension 217
feat_0218,float,,NaFM scaffold-aware natural-product embedding dimension 218
feat_0219,float,,NaFM scaffold-aware natural-product embedding dimension 219
feat_0220,float,,NaFM scaffold-aware natural-product embedding dimension 220
feat_0221,float,,NaFM scaffold-aware natural-product embedding dimension 221
feat_0222,float,,NaFM scaffold-aware natural-product embedding dimension 222
feat_0223,float,,NaFM scaffold-aware natural-product embedding dimension 223
feat_0224,float,,NaFM scaffold-aware natural-product embedding dimension 224
feat_0225,float,,NaFM scaffold-aware natural-product embedding dimension 225
feat_0226,float,,NaFM scaffold-aware natural-product embedding dimension 226
feat_0227,float,,NaFM scaffold-aware natural-product embedding dimension 227
feat_0228,float,,NaFM scaffold-aware natural-product embedding dimension 228
feat_0229,float,,NaFM scaffold-aware natural-product embedding dimension 229
feat_0230,float,,NaFM scaffold-aware natural-product embedding dimension 230
feat_0231,float,,NaFM scaffold-aware natural-product embedding dimension 231
feat_0232,float,,NaFM scaffold-aware natural-product embedding dimension 232
feat_0233,float,,NaFM scaffold-aware natural-product embedding dimension 233
feat_0234,float,,NaFM scaffold-aware natural-product embedding dimension 234
feat_0235,float,,NaFM scaffold-aware natural-product embedding dimension 235
feat_0236,float,,NaFM scaffold-aware natural-product embedding dimension 236
feat_0237,float,,NaFM scaffold-aware natural-product embedding dimension 237
feat_0238,float,,NaFM scaffold-aware natural-product embedding dimension 238
feat_0239,float,,NaFM scaffold-aware natural-product embedding dimension 239
feat_0240,float,,NaFM scaffold-aware natural-product embedding dimension 240
feat_0241,float,,NaFM scaffold-aware natural-product embedding dimension 241
feat_0242,float,,NaFM scaffold-aware natural-product embedding dimension 242
feat_0243,float,,NaFM scaffold-aware natural-product embedding dimension 243
feat_0244,float,,NaFM scaffold-aware natural-product embedding dimension 244
feat_0245,float,,NaFM scaffold-aware natural-product embedding dimension 245
feat_0246,float,,NaFM scaffold-aware natural-product embedding dimension 246
feat_0247,float,,NaFM scaffold-aware natural-product embedding dimension 247
feat_0248,float,,NaFM scaffold-aware natural-product embedding dimension 248
feat_0249,float,,NaFM scaffold-aware natural-product embedding dimension 249
feat_0250,float,,NaFM scaffold-aware natural-product embedding dimension 250
feat_0251,float,,NaFM scaffold-aware natural-product embedding dimension 251
feat_0252,float,,NaFM scaffold-aware natural-product embedding dimension 252
feat_0253,float,,NaFM scaffold-aware natural-product embedding dimension 253
feat_0254,float,,NaFM scaffold-aware natural-product embedding dimension 254
feat_0255,float,,NaFM scaffold-aware natural-product embedding dimension 255
feat_0256,float,,NaFM scaffold-aware natural-product embedding dimension 256
feat_0257,float,,NaFM scaffold-aware natural-product embedding dimension 257
feat_0258,float,,NaFM scaffold-aware natural-product embedding dimension 258
feat_0259,float,,NaFM scaffold-aware natural-product embedding dimension 259
feat_0260,float,,NaFM scaffold-aware natural-product embedding dimension 260
feat_0261,float,,NaFM scaffold-aware natural-product embedding dimension 261
feat_0262,float,,NaFM scaffold-aware natural-product embedding dimension 262
feat_0263,float,,NaFM scaffold-aware natural-product embedding dimension 263
feat_0264,float,,NaFM scaffold-aware natural-product embedding dimension 264
feat_0265,float,,NaFM scaffold-aware natural-product embedding dimension 265
feat_0266,float,,NaFM scaffold-aware natural-product embedding dimension 266
feat_0267,float,,NaFM scaffold-aware natural-product embedding dimension 267
feat_0268,float,,NaFM scaffold-aware natural-product embedding dimension 268
feat_0269,float,,NaFM scaffold-aware natural-product embedding dimension 269
feat_0270,float,,NaFM scaffold-aware natural-product embedding dimension 270
feat_0271,float,,NaFM scaffold-aware natural-product embedding dimension 271
feat_0272,float,,NaFM scaffold-aware natural-product embedding dimension 272
feat_0273,float,,NaFM scaffold-aware natural-product embedding dimension 273
feat_0274,float,,NaFM scaffold-aware natural-product embedding dimension 274
feat_0275,float,,NaFM scaffold-aware natural-product embedding dimension 275
feat_0276,float,,NaFM scaffold-aware natural-product embedding dimension 276
feat_0277,float,,NaFM scaffold-aware natural-product embedding dimension 277
feat_0278,float,,NaFM scaffold-aware natural-product embedding dimension 278
feat_0279,float,,NaFM scaffold-aware natural-product embedding dimension 279
feat_0280,float,,NaFM scaffold-aware natural-product embedding dimension 280
feat_0281,float,,NaFM scaffold-aware natural-product embedding dimension 281
feat_0282,float,,NaFM scaffold-aware natural-product embedding dimension 282
feat_0283,float,,NaFM scaffold-aware natural-product embedding dimension 283
feat_0284,float,,NaFM scaffold-aware natural-product embedding dimension 284
feat_0285,float,,NaFM scaffold-aware natural-product embedding dimension 285
feat_0286,float,,NaFM scaffold-aware natural-product embedding dimension 286
feat_0287,float,,NaFM scaffold-aware natural-product embedding dimension 287
feat_0288,float,,NaFM scaffold-aware natural-product embedding dimension 288
feat_0289,float,,NaFM scaffold-aware natural-product embedding dimension 289
feat_0290,float,,NaFM scaffold-aware natural-product embedding dimension 290
feat_0291,float,,NaFM scaffold-aware natural-product embedding dimension 291
feat_0292,float,,NaFM scaffold-aware natural-product embedding dimension 292
feat_0293,float,,NaFM scaffold-aware natural-product embedding dimension 293
feat_0294,float,,NaFM scaffold-aware natural-product embedding dimension 294
feat_0295,float,,NaFM scaffold-aware natural-product embedding dimension 295
feat_0296,float,,NaFM scaffold-aware natural-product embedding dimension 296
feat_0297,float,,NaFM scaffold-aware natural-product embedding dimension 297
feat_0298,float,,NaFM scaffold-aware natural-product embedding dimension 298
feat_0299,float,,NaFM scaffold-aware natural-product embedding dimension 299
feat_0300,float,,NaFM scaffold-aware natural-product embedding dimension 300
feat_0301,float,,NaFM scaffold-aware natural-product embedding dimension 301
feat_0302,float,,NaFM scaffold-aware natural-product embedding dimension 302
feat_0303,float,,NaFM scaffold-aware natural-product embedding dimension 303
feat_0304,float,,NaFM scaffold-aware natural-product embedding dimension 304
feat_0305,float,,NaFM scaffold-aware natural-product embedding dimension 305
feat_0306,float,,NaFM scaffold-aware natural-product embedding dimension 306
feat_0307,float,,NaFM scaffold-aware natural-product embedding dimension 307
feat_0308,float,,NaFM scaffold-aware natural-product embedding dimension 308
feat_0309,float,,NaFM scaffold-aware natural-product embedding dimension 309
feat_0310,float,,NaFM scaffold-aware natural-product embedding dimension 310
feat_0311,float,,NaFM scaffold-aware natural-product embedding dimension 311
feat_0312,float,,NaFM scaffold-aware natural-product embedding dimension 312
feat_0313,float,,NaFM scaffold-aware natural-product embedding dimension 313
feat_0314,float,,NaFM scaffold-aware natural-product embedding dimension 314
feat_0315,float,,NaFM scaffold-aware natural-product embedding dimension 315
feat_0316,float,,NaFM scaffold-aware natural-product embedding dimension 316
feat_0317,float,,NaFM scaffold-aware natural-product embedding dimension 317
feat_0318,float,,NaFM scaffold-aware natural-product embedding dimension 318
feat_0319,float,,NaFM scaffold-aware natural-product embedding dimension 319
feat_0320,float,,NaFM scaffold-aware natural-product embedding dimension 320
feat_0321,float,,NaFM scaffold-aware natural-product embedding dimension 321
feat_0322,float,,NaFM scaffold-aware natural-product embedding dimension 322
feat_0323,float,,NaFM scaffold-aware natural-product embedding dimension 323
feat_0324,float,,NaFM scaffold-aware natural-product embedding dimension 324
feat_0325,float,,NaFM scaffold-aware natural-product embedding dimension 325
feat_0326,float,,NaFM scaffold-aware natural-product embedding dimension 326
feat_0327,float,,NaFM scaffold-aware natural-product embedding dimension 327
feat_0328,float,,NaFM scaffold-aware natural-product embedding dimension 328
feat_0329,float,,NaFM scaffold-aware natural-product embedding dimension 329
feat_0330,float,,NaFM scaffold-aware natural-product embedding dimension 330
feat_0331,float,,NaFM scaffold-aware natural-product embedding dimension 331
feat_0332,float,,NaFM scaffold-aware natural-product embedding dimension 332
feat_0333,float,,NaFM scaffold-aware natural-product embedding dimension 333
feat_0334,float,,NaFM scaffold-aware natural-product embedding dimension 334
feat_0335,float,,NaFM scaffold-aware natural-product embedding dimension 335
feat_0336,float,,NaFM scaffold-aware natural-product embedding dimension 336
feat_0337,float,,NaFM scaffold-aware natural-product embedding dimension 337
feat_0338,float,,NaFM scaffold-aware natural-product embedding dimension 338
feat_0339,float,,NaFM scaffold-aware natural-product embedding dimension 339
feat_0340,float,,NaFM scaffold-aware natural-product embedding dimension 340
feat_0341,float,,NaFM scaffold-aware natural-product embedding dimension 341
feat_0342,float,,NaFM scaffold-aware natural-product embedding dimension 342
feat_0343,float,,NaFM scaffold-aware natural-product embedding dimension 343
feat_0344,float,,NaFM scaffold-aware natural-product embedding dimension 344
feat_0345,float,,NaFM scaffold-aware natural-product embedding dimension 345
feat_0346,float,,NaFM scaffold-aware natural-product embedding dimension 346
feat_0347,float,,NaFM scaffold-aware natural-product embedding dimension 347
feat_0348,float,,NaFM scaffold-aware natural-product embedding dimension 348
feat_0349,float,,NaFM scaffold-aware natural-product embedding dimension 349
feat_0350,float,,NaFM scaffold-aware natural-product embedding dimension 350
feat_0351,float,,NaFM scaffold-aware natural-product embedding dimension 351
feat_0352,float,,NaFM scaffold-aware natural-product embedding dimension 352
feat_0353,float,,NaFM scaffold-aware natural-product embedding dimension 353
feat_0354,float,,NaFM scaffold-aware natural-product embedding dimension 354
feat_0355,float,,NaFM scaffold-aware natural-product embedding dimension 355
feat_0356,float,,NaFM scaffold-aware natural-product embedding dimension 356
feat_0357,float,,NaFM scaffold-aware natural-product embedding dimension 357
feat_0358,float,,NaFM scaffold-aware natural-product embedding dimension 358
feat_0359,float,,NaFM scaffold-aware natural-product embedding dimension 359
feat_0360,float,,NaFM scaffold-aware natural-product embedding dimension 360
feat_0361,float,,NaFM scaffold-aware natural-product embedding dimension 361
feat_0362,float,,NaFM scaffold-aware natural-product embedding dimension 362
feat_0363,float,,NaFM scaffold-aware natural-product embedding dimension 363
feat_0364,float,,NaFM scaffold-aware natural-product embedding dimension 364
feat_0365,float,,NaFM scaffold-aware natural-product embedding dimension 365
feat_0366,float,,NaFM scaffold-aware natural-product embedding dimension 366
feat_0367,float,,NaFM scaffold-aware natural-product embedding dimension 367
feat_0368,float,,NaFM scaffold-aware natural-product embedding dimension 368
feat_0369,float,,NaFM scaffold-aware natural-product embedding dimension 369
feat_0370,float,,NaFM scaffold-aware natural-product embedding dimension 370
feat_0371,float,,NaFM scaffold-aware natural-product embedding dimension 371
feat_0372,float,,NaFM scaffold-aware natural-product embedding dimension 372
feat_0373,float,,NaFM scaffold-aware natural-product embedding dimension 373
feat_0374,float,,NaFM scaffold-aware natural-product embedding dimension 374
feat_0375,float,,NaFM scaffold-aware natural-product embedding dimension 375
feat_0376,float,,NaFM scaffold-aware natural-product embedding dimension 376
feat_0377,float,,NaFM scaffold-aware natural-product embedding dimension 377
feat_0378,float,,NaFM scaffold-aware natural-product embedding dimension 378
feat_0379,float,,NaFM scaffold-aware natural-product embedding dimension 379
feat_0380,float,,NaFM scaffold-aware natural-product embedding dimension 380
feat_0381,float,,NaFM scaffold-aware natural-product embedding dimension 381
feat_0382,float,,NaFM scaffold-aware natural-product embedding dimension 382
feat_0383,float,,NaFM scaffold-aware natural-product embedding dimension 383
feat_0384,float,,NaFM scaffold-aware natural-product embedding dimension 384
feat_0385,float,,NaFM scaffold-aware natural-product embedding dimension 385
feat_0386,float,,NaFM scaffold-aware natural-product embedding dimension 386
feat_0387,float,,NaFM scaffold-aware natural-product embedding dimension 387
feat_0388,float,,NaFM scaffold-aware natural-product embedding dimension 388
feat_0389,float,,NaFM scaffold-aware natural-product embedding dimension 389
feat_0390,float,,NaFM scaffold-aware natural-product embedding dimension 390
feat_0391,float,,NaFM scaffold-aware natural-product embedding dimension 391
feat_0392,float,,NaFM scaffold-aware natural-product embedding dimension 392
feat_0393,float,,NaFM scaffold-aware natural-product embedding dimension 393
feat_0394,float,,NaFM scaffold-aware natural-product embedding dimension 394
feat_0395,float,,NaFM scaffold-aware natural-product embedding dimension 395
feat_0396,float,,NaFM scaffold-aware natural-product embedding dimension 396
feat_0397,float,,NaFM scaffold-aware natural-product embedding dimension 397
feat_0398,float,,NaFM scaffold-aware natural-product embedding dimension 398
feat_0399,float,,NaFM scaffold-aware natural-product embedding dimension 399
feat_0400,float,,NaFM scaffold-aware natural-product embedding dimension 400
feat_0401,float,,NaFM scaffold-aware natural-product embedding dimension 401
feat_0402,float,,NaFM scaffold-aware natural-product embedding dimension 402
feat_0403,float,,NaFM scaffold-aware natural-product embedding dimension 403
feat_0404,float,,NaFM scaffold-aware natural-product embedding dimension 404
feat_0405,float,,NaFM scaffold-aware natural-product embedding dimension 405
feat_0406,float,,NaFM scaffold-aware natural-product embedding dimension 406
feat_0407,float,,NaFM scaffold-aware natural-product embedding dimension 407
feat_0408,float,,NaFM scaffold-aware natural-product embedding dimension 408
feat_0409,float,,NaFM scaffold-aware natural-product embedding dimension 409
feat_0410,float,,NaFM scaffold-aware natural-product embedding dimension 410
feat_0411,float,,NaFM scaffold-aware natural-product embedding dimension 411
feat_0412,float,,NaFM scaffold-aware natural-product embedding dimension 412
feat_0413,float,,NaFM scaffold-aware natural-product embedding dimension 413
feat_0414,float,,NaFM scaffold-aware natural-product embedding dimension 414
feat_0415,float,,NaFM scaffold-aware natural-product embedding dimension 415
feat_0416,float,,NaFM scaffold-aware natural-product embedding dimension 416
feat_0417,float,,NaFM scaffold-aware natural-product embedding dimension 417
feat_0418,float,,NaFM scaffold-aware natural-product embedding dimension 418
feat_0419,float,,NaFM scaffold-aware natural-product embedding dimension 419
feat_0420,float,,NaFM scaffold-aware natural-product embedding dimension 420
feat_0421,float,,NaFM scaffold-aware natural-product embedding dimension 421
feat_0422,float,,NaFM scaffold-aware natural-product embedding dimension 422
feat_0423,float,,NaFM scaffold-aware natural-product embedding dimension 423
feat_0424,float,,NaFM scaffold-aware natural-product embedding dimension 424
feat_0425,float,,NaFM scaffold-aware natural-product embedding dimension 425
feat_0426,float,,NaFM scaffold-aware natural-product embedding dimension 426
feat_0427,float,,NaFM scaffold-aware natural-product embedding dimension 427
feat_0428,float,,NaFM scaffold-aware natural-product embedding dimension 428
feat_0429,float,,NaFM scaffold-aware natural-product embedding dimension 429
feat_0430,float,,NaFM scaffold-aware natural-product embedding dimension 430
feat_0431,float,,NaFM scaffold-aware natural-product embedding dimension 431
feat_0432,float,,NaFM scaffold-aware natural-product embedding dimension 432
feat_0433,float,,NaFM scaffold-aware natural-product embedding dimension 433
feat_0434,float,,NaFM scaffold-aware natural-product embedding dimension 434
feat_0435,float,,NaFM scaffold-aware natural-product embedding dimension 435
feat_0436,float,,NaFM scaffold-aware natural-product embedding dimension 436
feat_0437,float,,NaFM scaffold-aware natural-product embedding dimension 437
feat_0438,float,,NaFM scaffold-aware natural-product embedding dimension 438
feat_0439,float,,NaFM scaffold-aware natural-product embedding dimension 439
feat_0440,float,,NaFM scaffold-aware natural-product embedding dimension 440
feat_0441,float,,NaFM scaffold-aware natural-product embedding dimension 441
feat_0442,float,,NaFM scaffold-aware natural-product embedding dimension 442
feat_0443,float,,NaFM scaffold-aware natural-product embedding dimension 443
feat_0444,float,,NaFM scaffold-aware natural-product embedding dimension 444
feat_0445,float,,NaFM scaffold-aware natural-product embedding dimension 445
feat_0446,float,,NaFM scaffold-aware natural-product embedding dimension 446
feat_0447,float,,NaFM scaffold-aware natural-product embedding dimension 447
feat_0448,float,,NaFM scaffold-aware natural-product embedding dimension 448
feat_0449,float,,NaFM scaffold-aware natural-product embedding dimension 449
feat_0450,float,,NaFM scaffold-aware natural-product embedding dimension 450
feat_0451,float,,NaFM scaffold-aware natural-product embedding dimension 451
feat_0452,float,,NaFM scaffold-aware natural-product embedding dimension 452
feat_0453,float,,NaFM scaffold-aware natural-product embedding dimension 453
feat_0454,float,,NaFM scaffold-aware natural-product embedding dimension 454
feat_0455,float,,NaFM scaffold-aware natural-product embedding dimension 455
feat_0456,float,,NaFM scaffold-aware natural-product embedding dimension 456
feat_0457,float,,NaFM scaffold-aware natural-product embedding dimension 457
feat_0458,float,,NaFM scaffold-aware natural-product embedding dimension 458
feat_0459,float,,NaFM scaffold-aware natural-product embedding dimension 459
feat_0460,float,,NaFM scaffold-aware natural-product embedding dimension 460
feat_0461,float,,NaFM scaffold-aware natural-product embedding dimension 461
feat_0462,float,,NaFM scaffold-aware natural-product embedding dimension 462
feat_0463,float,,NaFM scaffold-aware natural-product embedding dimension 463
feat_0464,float,,NaFM scaffold-aware natural-product embedding dimension 464
feat_0465,float,,NaFM scaffold-aware natural-product embedding dimension 465
feat_0466,float,,NaFM scaffold-aware natural-product embedding dimension 466
feat_0467,float,,NaFM scaffold-aware natural-product embedding dimension 467
feat_0468,float,,NaFM scaffold-aware natural-product embedding dimension 468
feat_0469,float,,NaFM scaffold-aware natural-product embedding dimension 469
feat_0470,float,,NaFM scaffold-aware natural-product embedding dimension 470
feat_0471,float,,NaFM scaffold-aware natural-product embedding dimension 471
feat_0472,float,,NaFM scaffold-aware natural-product embedding dimension 472
feat_0473,float,,NaFM scaffold-aware natural-product embedding dimension 473
feat_0474,float,,NaFM scaffold-aware natural-product embedding dimension 474
feat_0475,float,,NaFM scaffold-aware natural-product embedding dimension 475
feat_0476,float,,NaFM scaffold-aware natural-product embedding dimension 476
feat_0477,float,,NaFM scaffold-aware natural-product embedding dimension 477
feat_0478,float,,NaFM scaffold-aware natural-product embedding dimension 478
feat_0479,float,,NaFM scaffold-aware natural-product embedding dimension 479
feat_0480,float,,NaFM scaffold-aware natural-product embedding dimension 480
feat_0481,float,,NaFM scaffold-aware natural-product embedding dimension 481
feat_0482,float,,NaFM scaffold-aware natural-product embedding dimension 482
feat_0483,float,,NaFM scaffold-aware natural-product embedding dimension 483
feat_0484,float,,NaFM scaffold-aware natural-product embedding dimension 484
feat_0485,float,,NaFM scaffold-aware natural-product embedding dimension 485
feat_0486,float,,NaFM scaffold-aware natural-product embedding dimension 486
feat_0487,float,,NaFM scaffold-aware natural-product embedding dimension 487
feat_0488,float,,NaFM scaffold-aware natural-product embedding dimension 488
feat_0489,float,,NaFM scaffold-aware natural-product embedding dimension 489
feat_0490,float,,NaFM scaffold-aware natural-product embedding dimension 490
feat_0491,float,,NaFM scaffold-aware natural-product embedding dimension 491
feat_0492,float,,NaFM scaffold-aware natural-product embedding dimension 492
feat_0493,float,,NaFM scaffold-aware natural-product embedding dimension 493
feat_0494,float,,NaFM scaffold-aware natural-product embedding dimension 494
feat_0495,float,,NaFM scaffold-aware natural-product embedding dimension 495
feat_0496,float,,NaFM scaffold-aware natural-product embedding dimension 496
feat_0497,float,,NaFM scaffold-aware natural-product embedding dimension 497
feat_0498,float,,NaFM scaffold-aware natural-product embedding dimension 498
feat_0499,float,,NaFM scaffold-aware natural-product embedding dimension 499
feat_0500,float,,NaFM scaffold-aware natural-product embedding dimension 500
feat_0501,float,,NaFM scaffold-aware natural-product embedding dimension 501
feat_0502,float,,NaFM scaffold-aware natural-product embedding dimension 502
feat_0503,float,,NaFM scaffold-aware natural-product embedding dimension 503
feat_0504,float,,NaFM scaffold-aware natural-product embedding dimension 504
feat_0505,float,,NaFM scaffold-aware natural-product embedding dimension 505
feat_0506,float,,NaFM scaffold-aware natural-product embedding dimension 506
feat_0507,float,,NaFM scaffold-aware natural-product embedding dimension 507
feat_0508,float,,NaFM scaffold-aware natural-product embedding dimension 508
feat_0509,float,,NaFM scaffold-aware natural-product embedding dimension 509
feat_0510,float,,NaFM scaffold-aware natural-product embedding dimension 510
feat_0511,float,,NaFM scaffold-aware natural-product embedding dimension 511
feat_0512,float,,NaFM scaffold-aware natural-product embedding dimension 512
feat_0513,float,,NaFM scaffold-aware natural-product embedding dimension 513
feat_0514,float,,NaFM scaffold-aware natural-product embedding dimension 514
feat_0515,float,,NaFM scaffold-aware natural-product embedding dimension 515
feat_0516,float,,NaFM scaffold-aware natural-product embedding dimension 516
feat_0517,float,,NaFM scaffold-aware natural-product embedding dimension 517
feat_0518,float,,NaFM scaffold-aware natural-product embedding dimension 518
feat_0519,float,,NaFM scaffold-aware natural-product embedding dimension 519
feat_0520,float,,NaFM scaffold-aware natural-product embedding dimension 520
feat_0521,float,,NaFM scaffold-aware natural-product embedding dimension 521
feat_0522,float,,NaFM scaffold-aware natural-product embedding dimension 522
feat_0523,float,,NaFM scaffold-aware natural-product embedding dimension 523
feat_0524,float,,NaFM scaffold-aware natural-product embedding dimension 524
feat_0525,float,,NaFM scaffold-aware natural-product embedding dimension 525
feat_0526,float,,NaFM scaffold-aware natural-product embedding dimension 526
feat_0527,float,,NaFM scaffold-aware natural-product embedding dimension 527
feat_0528,float,,NaFM scaffold-aware natural-product embedding dimension 528
feat_0529,float,,NaFM scaffold-aware natural-product embedding dimension 529
feat_0530,float,,NaFM scaffold-aware natural-product embedding dimension 530
feat_0531,float,,NaFM scaffold-aware natural-product embedding dimension 531
feat_0532,float,,NaFM scaffold-aware natural-product embedding dimension 532
feat_0533,float,,NaFM scaffold-aware natural-product embedding dimension 533
feat_0534,float,,NaFM scaffold-aware natural-product embedding dimension 534
feat_0535,float,,NaFM scaffold-aware natural-product embedding dimension 535
feat_0536,float,,NaFM scaffold-aware natural-product embedding dimension 536
feat_0537,float,,NaFM scaffold-aware natural-product embedding dimension 537
feat_0538,float,,NaFM scaffold-aware natural-product embedding dimension 538
feat_0539,float,,NaFM scaffold-aware natural-product embedding dimension 539
feat_0540,float,,NaFM scaffold-aware natural-product embedding dimension 540
feat_0541,float,,NaFM scaffold-aware natural-product embedding dimension 541
feat_0542,float,,NaFM scaffold-aware natural-product embedding dimension 542
feat_0543,float,,NaFM scaffold-aware natural-product embedding dimension 543
feat_0544,float,,NaFM scaffold-aware natural-product embedding dimension 544
feat_0545,float,,NaFM scaffold-aware natural-product embedding dimension 545
feat_0546,float,,NaFM scaffold-aware natural-product embedding dimension 546
feat_0547,float,,NaFM scaffold-aware natural-product embedding dimension 547
feat_0548,float,,NaFM scaffold-aware natural-product embedding dimension 548
feat_0549,float,,NaFM scaffold-aware natural-product embedding dimension 549
feat_0550,float,,NaFM scaffold-aware natural-product embedding dimension 550
feat_0551,float,,NaFM scaffold-aware natural-product embedding dimension 551
feat_0552,float,,NaFM scaffold-aware natural-product embedding dimension 552
feat_0553,float,,NaFM scaffold-aware natural-product embedding dimension 553
feat_0554,float,,NaFM scaffold-aware natural-product embedding dimension 554
feat_0555,float,,NaFM scaffold-aware natural-product embedding dimension 555
feat_0556,float,,NaFM scaffold-aware natural-product embedding dimension 556
feat_0557,float,,NaFM scaffold-aware natural-product embedding dimension 557
feat_0558,float,,NaFM scaffold-aware natural-product embedding dimension 558
feat_0559,float,,NaFM scaffold-aware natural-product embedding dimension 559
feat_0560,float,,NaFM scaffold-aware natural-product embedding dimension 560
feat_0561,float,,NaFM scaffold-aware natural-product embedding dimension 561
feat_0562,float,,NaFM scaffold-aware natural-product embedding dimension 562
feat_0563,float,,NaFM scaffold-aware natural-product embedding dimension 563
feat_0564,float,,NaFM scaffold-aware natural-product embedding dimension 564
feat_0565,float,,NaFM scaffold-aware natural-product embedding dimension 565
feat_0566,float,,NaFM scaffold-aware natural-product embedding dimension 566
feat_0567,float,,NaFM scaffold-aware natural-product embedding dimension 567
feat_0568,float,,NaFM scaffold-aware natural-product embedding dimension 568
feat_0569,float,,NaFM scaffold-aware natural-product embedding dimension 569
feat_0570,float,,NaFM scaffold-aware natural-product embedding dimension 570
feat_0571,float,,NaFM scaffold-aware natural-product embedding dimension 571
feat_0572,float,,NaFM scaffold-aware natural-product embedding dimension 572
feat_0573,float,,NaFM scaffold-aware natural-product embedding dimension 573
feat_0574,float,,NaFM scaffold-aware natural-product embedding dimension 574
feat_0575,float,,NaFM scaffold-aware natural-product embedding dimension 575
feat_0576,float,,NaFM scaffold-aware natural-product embedding dimension 576
feat_0577,float,,NaFM scaffold-aware natural-product embedding dimension 577
feat_0578,float,,NaFM scaffold-aware natural-product embedding dimension 578
feat_0579,float,,NaFM scaffold-aware natural-product embedding dimension 579
feat_0580,float,,NaFM scaffold-aware natural-product embedding dimension 580
feat_0581,float,,NaFM scaffold-aware natural-product embedding dimension 581
feat_0582,float,,NaFM scaffold-aware natural-product embedding dimension 582
feat_0583,float,,NaFM scaffold-aware natural-product embedding dimension 583
feat_0584,float,,NaFM scaffold-aware natural-product embedding dimension 584
feat_0585,float,,NaFM scaffold-aware natural-product embedding dimension 585
feat_0586,float,,NaFM scaffold-aware natural-product embedding dimension 586
feat_0587,float,,NaFM scaffold-aware natural-product embedding dimension 587
feat_0588,float,,NaFM scaffold-aware natural-product embedding dimension 588
feat_0589,float,,NaFM scaffold-aware natural-product embedding dimension 589
feat_0590,float,,NaFM scaffold-aware natural-product embedding dimension 590
feat_0591,float,,NaFM scaffold-aware natural-product embedding dimension 591
feat_0592,float,,NaFM scaffold-aware natural-product embedding dimension 592
feat_0593,float,,NaFM scaffold-aware natural-product embedding dimension 593
feat_0594,float,,NaFM scaffold-aware natural-product embedding dimension 594
feat_0595,float,,NaFM scaffold-aware natural-product embedding dimension 595
feat_0596,float,,NaFM scaffold-aware natural-product embedding dimension 596
feat_0597,float,,NaFM scaffold-aware natural-product embedding dimension 597
feat_0598,float,,NaFM scaffold-aware natural-product embedding dimension 598
feat_0599,float,,NaFM scaffold-aware natural-product embedding dimension 599
feat_0600,float,,NaFM scaffold-aware natural-product embedding dimension 600
feat_0601,float,,NaFM scaffold-aware natural-product embedding dimension 601
feat_0602,float,,NaFM scaffold-aware natural-product embedding dimension 602
feat_0603,float,,NaFM scaffold-aware natural-product embedding dimension 603
feat_0604,float,,NaFM scaffold-aware natural-product embedding dimension 604
feat_0605,float,,NaFM scaffold-aware natural-product embedding dimension 605
feat_0606,float,,NaFM scaffold-aware natural-product embedding dimension 606
feat_0607,float,,NaFM scaffold-aware natural-product embedding dimension 607
feat_0608,float,,NaFM scaffold-aware natural-product embedding dimension 608
feat_0609,float,,NaFM scaffold-aware natural-product embedding dimension 609
feat_0610,float,,NaFM scaffold-aware natural-product embedding dimension 610
feat_0611,float,,NaFM scaffold-aware natural-product embedding dimension 611
feat_0612,float,,NaFM scaffold-aware natural-product embedding dimension 612
feat_0613,float,,NaFM scaffold-aware natural-product embedding dimension 613
feat_0614,float,,NaFM scaffold-aware natural-product embedding dimension 614
feat_0615,float,,NaFM scaffold-aware natural-product embedding dimension 615
feat_0616,float,,NaFM scaffold-aware natural-product embedding dimension 616
feat_0617,float,,NaFM scaffold-aware natural-product embedding dimension 617
feat_0618,float,,NaFM scaffold-aware natural-product embedding dimension 618
feat_0619,float,,NaFM scaffold-aware natural-product embedding dimension 619
feat_0620,float,,NaFM scaffold-aware natural-product embedding dimension 620
feat_0621,float,,NaFM scaffold-aware natural-product embedding dimension 621
feat_0622,float,,NaFM scaffold-aware natural-product embedding dimension 622
feat_0623,float,,NaFM scaffold-aware natural-product embedding dimension 623
feat_0624,float,,NaFM scaffold-aware natural-product embedding dimension 624
feat_0625,float,,NaFM scaffold-aware natural-product embedding dimension 625
feat_0626,float,,NaFM scaffold-aware natural-product embedding dimension 626
feat_0627,float,,NaFM scaffold-aware natural-product embedding dimension 627
feat_0628,float,,NaFM scaffold-aware natural-product embedding dimension 628
feat_0629,float,,NaFM scaffold-aware natural-product embedding dimension 629
feat_0630,float,,NaFM scaffold-aware natural-product embedding dimension 630
feat_0631,float,,NaFM scaffold-aware natural-product embedding dimension 631
feat_0632,float,,NaFM scaffold-aware natural-product embedding dimension 632
feat_0633,float,,NaFM scaffold-aware natural-product embedding dimension 633
feat_0634,float,,NaFM scaffold-aware natural-product embedding dimension 634
feat_0635,float,,NaFM scaffold-aware natural-product embedding dimension 635
feat_0636,float,,NaFM scaffold-aware natural-product embedding dimension 636
feat_0637,float,,NaFM scaffold-aware natural-product embedding dimension 637
feat_0638,float,,NaFM scaffold-aware natural-product embedding dimension 638
feat_0639,float,,NaFM scaffold-aware natural-product embedding dimension 639
feat_0640,float,,NaFM scaffold-aware natural-product embedding dimension 640
feat_0641,float,,NaFM scaffold-aware natural-product embedding dimension 641
feat_0642,float,,NaFM scaffold-aware natural-product embedding dimension 642
feat_0643,float,,NaFM scaffold-aware natural-product embedding dimension 643
feat_0644,float,,NaFM scaffold-aware natural-product embedding dimension 644
feat_0645,float,,NaFM scaffold-aware natural-product embedding dimension 645
feat_0646,float,,NaFM scaffold-aware natural-product embedding dimension 646
feat_0647,float,,NaFM scaffold-aware natural-product embedding dimension 647
feat_0648,float,,NaFM scaffold-aware natural-product embedding dimension 648
feat_0649,float,,NaFM scaffold-aware natural-product embedding dimension 649
feat_0650,float,,NaFM scaffold-aware natural-product embedding dimension 650
feat_0651,float,,NaFM scaffold-aware natural-product embedding dimension 651
feat_0652,float,,NaFM scaffold-aware natural-product embedding dimension 652
feat_0653,float,,NaFM scaffold-aware natural-product embedding dimension 653
feat_0654,float,,NaFM scaffold-aware natural-product embedding dimension 654
feat_0655,float,,NaFM scaffold-aware natural-product embedding dimension 655
feat_0656,float,,NaFM scaffold-aware natural-product embedding dimension 656
feat_0657,float,,NaFM scaffold-aware natural-product embedding dimension 657
feat_0658,float,,NaFM scaffold-aware natural-product embedding dimension 658
feat_0659,float,,NaFM scaffold-aware natural-product embedding dimension 659
feat_0660,float,,NaFM scaffold-aware natural-product embedding dimension 660
feat_0661,float,,NaFM scaffold-aware natural-product embedding dimension 661
feat_0662,float,,NaFM scaffold-aware natural-product embedding dimension 662
feat_0663,float,,NaFM scaffold-aware natural-product embedding dimension 663
feat_0664,float,,NaFM scaffold-aware natural-product embedding dimension 664
feat_0665,float,,NaFM scaffold-aware natural-product embedding dimension 665
feat_0666,float,,NaFM scaffold-aware natural-product embedding dimension 666
feat_0667,float,,NaFM scaffold-aware natural-product embedding dimension 667
feat_0668,float,,NaFM scaffold-aware natural-product embedding dimension 668
feat_0669,float,,NaFM scaffold-aware natural-product embedding dimension 669
feat_0670,float,,NaFM scaffold-aware natural-product embedding dimension 670
feat_0671,float,,NaFM scaffold-aware natural-product embedding dimension 671
feat_0672,float,,NaFM scaffold-aware natural-product embedding dimension 672
feat_0673,float,,NaFM scaffold-aware natural-product embedding dimension 673
feat_0674,float,,NaFM scaffold-aware natural-product embedding dimension 674
feat_0675,float,,NaFM scaffold-aware natural-product embedding dimension 675
feat_0676,float,,NaFM scaffold-aware natural-product embedding dimension 676
feat_0677,float,,NaFM scaffold-aware natural-product embedding dimension 677
feat_0678,float,,NaFM scaffold-aware natural-product embedding dimension 678
feat_0679,float,,NaFM scaffold-aware natural-product embedding dimension 679
feat_0680,float,,NaFM scaffold-aware natural-product embedding dimension 680
feat_0681,float,,NaFM scaffold-aware natural-product embedding dimension 681
feat_0682,float,,NaFM scaffold-aware natural-product embedding dimension 682
feat_0683,float,,NaFM scaffold-aware natural-product embedding dimension 683
feat_0684,float,,NaFM scaffold-aware natural-product embedding dimension 684
feat_0685,float,,NaFM scaffold-aware natural-product embedding dimension 685
feat_0686,float,,NaFM scaffold-aware natural-product embedding dimension 686
feat_0687,float,,NaFM scaffold-aware natural-product embedding dimension 687
feat_0688,float,,NaFM scaffold-aware natural-product embedding dimension 688
feat_0689,float,,NaFM scaffold-aware natural-product embedding dimension 689
feat_0690,float,,NaFM scaffold-aware natural-product embedding dimension 690
feat_0691,float,,NaFM scaffold-aware natural-product embedding dimension 691
feat_0692,float,,NaFM scaffold-aware natural-product embedding dimension 692
feat_0693,float,,NaFM scaffold-aware natural-product embedding dimension 693
feat_0694,float,,NaFM scaffold-aware natural-product embedding dimension 694
feat_0695,float,,NaFM scaffold-aware natural-product embedding dimension 695
feat_0696,float,,NaFM scaffold-aware natural-product embedding dimension 696
feat_0697,float,,NaFM scaffold-aware natural-product embedding dimension 697
feat_0698,float,,NaFM scaffold-aware natural-product embedding dimension 698
feat_0699,float,,NaFM scaffold-aware natural-product embedding dimension 699
feat_0700,float,,NaFM scaffold-aware natural-product embedding dimension 700
feat_0701,float,,NaFM scaffold-aware natural-product embedding dimension 701
feat_0702,float,,NaFM scaffold-aware natural-product embedding dimension 702
feat_0703,float,,NaFM scaffold-aware natural-product embedding dimension 703
feat_0704,float,,NaFM scaffold-aware natural-product embedding dimension 704
feat_0705,float,,NaFM scaffold-aware natural-product embedding dimension 705
feat_0706,float,,NaFM scaffold-aware natural-product embedding dimension 706
feat_0707,float,,NaFM scaffold-aware natural-product embedding dimension 707
feat_0708,float,,NaFM scaffold-aware natural-product embedding dimension 708
feat_0709,float,,NaFM scaffold-aware natural-product embedding dimension 709
feat_0710,float,,NaFM scaffold-aware natural-product embedding dimension 710
feat_0711,float,,NaFM scaffold-aware natural-product embedding dimension 711
feat_0712,float,,NaFM scaffold-aware natural-product embedding dimension 712
feat_0713,float,,NaFM scaffold-aware natural-product embedding dimension 713
feat_0714,float,,NaFM scaffold-aware natural-product embedding dimension 714
feat_0715,float,,NaFM scaffold-aware natural-product embedding dimension 715
feat_0716,float,,NaFM scaffold-aware natural-product embedding dimension 716
feat_0717,float,,NaFM scaffold-aware natural-product embedding dimension 717
feat_0718,float,,NaFM scaffold-aware natural-product embedding dimension 718
feat_0719,float,,NaFM scaffold-aware natural-product embedding dimension 719
feat_0720,float,,NaFM scaffold-aware natural-product embedding dimension 720
feat_0721,float,,NaFM scaffold-aware natural-product embedding dimension 721
feat_0722,float,,NaFM scaffold-aware natural-product embedding dimension 722
feat_0723,float,,NaFM scaffold-aware natural-product embedding dimension 723
feat_0724,float,,NaFM scaffold-aware natural-product embedding dimension 724
feat_0725,float,,NaFM scaffold-aware natural-product embedding dimension 725
feat_0726,float,,NaFM scaffold-aware natural-product embedding dimension 726
feat_0727,float,,NaFM scaffold-aware natural-product embedding dimension 727
feat_0728,float,,NaFM scaffold-aware natural-product embedding dimension 728
feat_0729,float,,NaFM scaffold-aware natural-product embedding dimension 729
feat_0730,float,,NaFM scaffold-aware natural-product embedding dimension 730
feat_0731,float,,NaFM scaffold-aware natural-product embedding dimension 731
feat_0732,float,,NaFM scaffold-aware natural-product embedding dimension 732
feat_0733,float,,NaFM scaffold-aware natural-product embedding dimension 733
feat_0734,float,,NaFM scaffold-aware natural-product embedding dimension 734
feat_0735,float,,NaFM scaffold-aware natural-product embedding dimension 735
feat_0736,float,,NaFM scaffold-aware natural-product embedding dimension 736
feat_0737,float,,NaFM scaffold-aware natural-product embedding dimension 737
feat_0738,float,,NaFM scaffold-aware natural-product embedding dimension 738
feat_0739,float,,NaFM scaffold-aware natural-product embedding dimension 739
feat_0740,float,,NaFM scaffold-aware natural-product embedding dimension 740
feat_0741,float,,NaFM scaffold-aware natural-product embedding dimension 741
feat_0742,float,,NaFM scaffold-aware natural-product embedding dimension 742
feat_0743,float,,NaFM scaffold-aware natural-product embedding dimension 743
feat_0744,float,,NaFM scaffold-aware natural-product embedding dimension 744
feat_0745,float,,NaFM scaffold-aware natural-product embedding dimension 745
feat_0746,float,,NaFM scaffold-aware natural-product embedding dimension 746
feat_0747,float,,NaFM scaffold-aware natural-product embedding dimension 747
feat_0748,float,,NaFM scaffold-aware natural-product embedding dimension 748
feat_0749,float,,NaFM scaffold-aware natural-product embedding dimension 749
feat_0750,float,,NaFM scaffold-aware natural-product embedding dimension 750
feat_0751,float,,NaFM scaffold-aware natural-product embedding dimension 751
feat_0752,float,,NaFM scaffold-aware natural-product embedding dimension 752
feat_0753,float,,NaFM scaffold-aware natural-product embedding dimension 753
feat_0754,float,,NaFM scaffold-aware natural-product embedding dimension 754
feat_0755,float,,NaFM scaffold-aware natural-product embedding dimension 755
feat_0756,float,,NaFM scaffold-aware natural-product embedding dimension 756
feat_0757,float,,NaFM scaffold-aware natural-product embedding dimension 757
feat_0758,float,,NaFM scaffold-aware natural-product embedding dimension 758
feat_0759,float,,NaFM scaffold-aware natural-product embedding dimension 759
feat_0760,float,,NaFM scaffold-aware natural-product embedding dimension 760
feat_0761,float,,NaFM scaffold-aware natural-product embedding dimension 761
feat_0762,float,,NaFM scaffold-aware natural-product embedding dimension 762
feat_0763,float,,NaFM scaffold-aware natural-product embedding dimension 763
feat_0764,float,,NaFM scaffold-aware natural-product embedding dimension 764
feat_0765,float,,NaFM scaffold-aware natural-product embedding dimension 765
feat_0766,float,,NaFM scaffold-aware natural-product embedding dimension 766
feat_0767,float,,NaFM scaffold-aware natural-product embedding dimension 767
feat_0768,float,,NaFM scaffold-aware natural-product embedding dimension 768
feat_0769,float,,NaFM scaffold-aware natural-product embedding dimension 769
feat_0770,float,,NaFM scaffold-aware natural-product embedding dimension 770
feat_0771,float,,NaFM scaffold-aware natural-product embedding dimension 771
feat_0772,float,,NaFM scaffold-aware natural-product embedding dimension 772
feat_0773,float,,NaFM scaffold-aware natural-product embedding dimension 773
feat_0774,float,,NaFM scaffold-aware natural-product embedding dimension 774
feat_0775,float,,NaFM scaffold-aware natural-product embedding dimension 775
feat_0776,float,,NaFM scaffold-aware natural-product embedding dimension 776
feat_0777,float,,NaFM scaffold-aware natural-product embedding dimension 777
feat_0778,float,,NaFM scaffold-aware natural-product embedding dimension 778
feat_0779,float,,NaFM scaffold-aware natural-product embedding dimension 779
feat_0780,float,,NaFM scaffold-aware natural-product embedding dimension 780
feat_0781,float,,NaFM scaffold-aware natural-product embedding dimension 781
feat_0782,float,,NaFM scaffold-aware natural-product embedding dimension 782
feat_0783,float,,NaFM scaffold-aware natural-product embedding dimension 783
feat_0784,float,,NaFM scaffold-aware natural-product embedding dimension 784
feat_0785,float,,NaFM scaffold-aware natural-product embedding dimension 785
feat_0786,float,,NaFM scaffold-aware natural-product embedding dimension 786
feat_0787,float,,NaFM scaffold-aware natural-product embedding dimension 787
feat_0788,float,,NaFM scaffold-aware natural-product embedding dimension 788
feat_0789,float,,NaFM scaffold-aware natural-product embedding dimension 789
feat_0790,float,,NaFM scaffold-aware natural-product embedding dimension 790
feat_0791,float,,NaFM scaffold-aware natural-product embedding dimension 791
feat_0792,float,,NaFM scaffold-aware natural-product embedding dimension 792
feat_0793,float,,NaFM scaffold-aware natural-product embedding dimension 793
feat_0794,float,,NaFM scaffold-aware natural-product embedding dimension 794
feat_0795,float,,NaFM scaffold-aware natural-product embedding dimension 795
feat_0796,float,,NaFM scaffold-aware natural-product embedding dimension 796
feat_0797,float,,NaFM scaffold-aware natural-product embedding dimension 797
feat_0798,float,,NaFM scaffold-aware natural-product embedding dimension 798
feat_0799,float,,NaFM scaffold-aware natural-product embedding dimension 799
feat_0800,float,,NaFM scaffold-aware natural-product embedding dimension 800
feat_0801,float,,NaFM scaffold-aware natural-product embedding dimension 801
feat_0802,float,,NaFM scaffold-aware natural-product embedding dimension 802
feat_0803,float,,NaFM scaffold-aware natural-product embedding dimension 803
feat_0804,float,,NaFM scaffold-aware natural-product embedding dimension 804
feat_0805,float,,NaFM scaffold-aware natural-product embedding dimension 805
feat_0806,float,,NaFM scaffold-aware natural-product embedding dimension 806
feat_0807,float,,NaFM scaffold-aware natural-product embedding dimension 807
feat_0808,float,,NaFM scaffold-aware natural-product embedding dimension 808
feat_0809,float,,NaFM scaffold-aware natural-product embedding dimension 809
feat_0810,float,,NaFM scaffold-aware natural-product embedding dimension 810
feat_0811,float,,NaFM scaffold-aware natural-product embedding dimension 811
feat_0812,float,,NaFM scaffold-aware natural-product embedding dimension 812
feat_0813,float,,NaFM scaffold-aware natural-product embedding dimension 813
feat_0814,float,,NaFM scaffold-aware natural-product embedding dimension 814
feat_0815,float,,NaFM scaffold-aware natural-product embedding dimension 815
feat_0816,float,,NaFM scaffold-aware natural-product embedding dimension 816
feat_0817,float,,NaFM scaffold-aware natural-product embedding dimension 817
feat_0818,float,,NaFM scaffold-aware natural-product embedding dimension 818
feat_0819,float,,NaFM scaffold-aware natural-product embedding dimension 819
feat_0820,float,,NaFM scaffold-aware natural-product embedding dimension 820
feat_0821,float,,NaFM scaffold-aware natural-product embedding dimension 821
feat_0822,float,,NaFM scaffold-aware natural-product embedding dimension 822
feat_0823,float,,NaFM scaffold-aware natural-product embedding dimension 823
feat_0824,float,,NaFM scaffold-aware natural-product embedding dimension 824
feat_0825,float,,NaFM scaffold-aware natural-product embedding dimension 825
feat_0826,float,,NaFM scaffold-aware natural-product embedding dimension 826
feat_0827,float,,NaFM scaffold-aware natural-product embedding dimension 827
feat_0828,float,,NaFM scaffold-aware natural-product embedding dimension 828
feat_0829,float,,NaFM scaffold-aware natural-product embedding dimension 829
feat_0830,float,,NaFM scaffold-aware natural-product embedding dimension 830
feat_0831,float,,NaFM scaffold-aware natural-product embedding dimension 831
feat_0832,float,,NaFM scaffold-aware natural-product embedding dimension 832
feat_0833,float,,NaFM scaffold-aware natural-product embedding dimension 833
feat_0834,float,,NaFM scaffold-aware natural-product embedding dimension 834
feat_0835,float,,NaFM scaffold-aware natural-product embedding dimension 835
feat_0836,float,,NaFM scaffold-aware natural-product embedding dimension 836
feat_0837,float,,NaFM scaffold-aware natural-product embedding dimension 837
feat_0838,float,,NaFM scaffold-aware natural-product embedding dimension 838
feat_0839,float,,NaFM scaffold-aware natural-product embedding dimension 839
feat_0840,float,,NaFM scaffold-aware natural-product embedding dimension 840
feat_0841,float,,NaFM scaffold-aware natural-product embedding dimension 841
feat_0842,float,,NaFM scaffold-aware natural-product embedding dimension 842
feat_0843,float,,NaFM scaffold-aware natural-product embedding dimension 843
feat_0844,float,,NaFM scaffold-aware natural-product embedding dimension 844
feat_0845,float,,NaFM scaffold-aware natural-product embedding dimension 845
feat_0846,float,,NaFM scaffold-aware natural-product embedding dimension 846
feat_0847,float,,NaFM scaffold-aware natural-product embedding dimension 847
feat_0848,float,,NaFM scaffold-aware natural-product embedding dimension 848
feat_0849,float,,NaFM scaffold-aware natural-product embedding dimension 849
feat_0850,float,,NaFM scaffold-aware natural-product embedding dimension 850
feat_0851,float,,NaFM scaffold-aware natural-product embedding dimension 851
feat_0852,float,,NaFM scaffold-aware natural-product embedding dimension 852
feat_0853,float,,NaFM scaffold-aware natural-product embedding dimension 853
feat_0854,float,,NaFM scaffold-aware natural-product embedding dimension 854
feat_0855,float,,NaFM scaffold-aware natural-product embedding dimension 855
feat_0856,float,,NaFM scaffold-aware natural-product embedding dimension 856
feat_0857,float,,NaFM scaffold-aware natural-product embedding dimension 857
feat_0858,float,,NaFM scaffold-aware natural-product embedding dimension 858
feat_0859,float,,NaFM scaffold-aware natural-product embedding dimension 859
feat_0860,float,,NaFM scaffold-aware natural-product embedding dimension 860
feat_0861,float,,NaFM scaffold-aware natural-product embedding dimension 861
feat_0862,float,,NaFM scaffold-aware natural-product embedding dimension 862
feat_0863,float,,NaFM scaffold-aware natural-product embedding dimension 863
feat_0864,float,,NaFM scaffold-aware natural-product embedding dimension 864
feat_0865,float,,NaFM scaffold-aware natural-product embedding dimension 865
feat_0866,float,,NaFM scaffold-aware natural-product embedding dimension 866
feat_0867,float,,NaFM scaffold-aware natural-product embedding dimension 867
feat_0868,float,,NaFM scaffold-aware natural-product embedding dimension 868
feat_0869,float,,NaFM scaffold-aware natural-product embedding dimension 869
feat_0870,float,,NaFM scaffold-aware natural-product embedding dimension 870
feat_0871,float,,NaFM scaffold-aware natural-product embedding dimension 871
feat_0872,float,,NaFM scaffold-aware natural-product embedding dimension 872
feat_0873,float,,NaFM scaffold-aware natural-product embedding dimension 873
feat_0874,float,,NaFM scaffold-aware natural-product embedding dimension 874
feat_0875,float,,NaFM scaffold-aware natural-product embedding dimension 875
feat_0876,float,,NaFM scaffold-aware natural-product embedding dimension 876
feat_0877,float,,NaFM scaffold-aware natural-product embedding dimension 877
feat_0878,float,,NaFM scaffold-aware natural-product embedding dimension 878
feat_0879,float,,NaFM scaffold-aware natural-product embedding dimension 879
feat_0880,float,,NaFM scaffold-aware natural-product embedding dimension 880
feat_0881,float,,NaFM scaffold-aware natural-product embedding dimension 881
feat_0882,float,,NaFM scaffold-aware natural-product embedding dimension 882
feat_0883,float,,NaFM scaffold-aware natural-product embedding dimension 883
feat_0884,float,,NaFM scaffold-aware natural-product embedding dimension 884
feat_0885,float,,NaFM scaffold-aware natural-product embedding dimension 885
feat_0886,float,,NaFM scaffold-aware natural-product embedding dimension 886
feat_0887,float,,NaFM scaffold-aware natural-product embedding dimension 887
feat_0888,float,,NaFM scaffold-aware natural-product embedding dimension 888
feat_0889,float,,NaFM scaffold-aware natural-product embedding dimension 889
feat_0890,float,,NaFM scaffold-aware natural-product embedding dimension 890
feat_0891,float,,NaFM scaffold-aware natural-product embedding dimension 891
feat_0892,float,,NaFM scaffold-aware natural-product embedding dimension 892
feat_0893,float,,NaFM scaffold-aware natural-product embedding dimension 893
feat_0894,float,,NaFM scaffold-aware natural-product embedding dimension 894
feat_0895,float,,NaFM scaffold-aware natural-product embedding dimension 895
feat_0896,float,,NaFM scaffold-aware natural-product embedding dimension 896
feat_0897,float,,NaFM scaffold-aware natural-product embedding dimension 897
feat_0898,float,,NaFM scaffold-aware natural-product embedding dimension 898
feat_0899,float,,NaFM scaffold-aware natural-product embedding dimension 899
feat_0900,float,,NaFM scaffold-aware natural-product embedding dimension 900
feat_0901,float,,NaFM scaffold-aware natural-product embedding dimension 901
feat_0902,float,,NaFM scaffold-aware natural-product embedding dimension 902
feat_0903,float,,NaFM scaffold-aware natural-product embedding dimension 903
feat_0904,float,,NaFM scaffold-aware natural-product embedding dimension 904
feat_0905,float,,NaFM scaffold-aware natural-product embedding dimension 905
feat_0906,float,,NaFM scaffold-aware natural-product embedding dimension 906
feat_0907,float,,NaFM scaffold-aware natural-product embedding dimension 907
feat_0908,float,,NaFM scaffold-aware natural-product embedding dimension 908
feat_0909,float,,NaFM scaffold-aware natural-product embedding dimension 909
feat_0910,float,,NaFM scaffold-aware natural-product embedding dimension 910
feat_0911,float,,NaFM scaffold-aware natural-product embedding dimension 911
feat_0912,float,,NaFM scaffold-aware natural-product embedding dimension 912
feat_0913,float,,NaFM scaffold-aware natural-product embedding dimension 913
feat_0914,float,,NaFM scaffold-aware natural-product embedding dimension 914
feat_0915,float,,NaFM scaffold-aware natural-product embedding dimension 915
feat_0916,float,,NaFM scaffold-aware natural-product embedding dimension 916
feat_0917,float,,NaFM scaffold-aware natural-product embedding dimension 917
feat_0918,float,,NaFM scaffold-aware natural-product embedding dimension 918
feat_0919,float,,NaFM scaffold-aware natural-product embedding dimension 919
feat_0920,float,,NaFM scaffold-aware natural-product embedding dimension 920
feat_0921,float,,NaFM scaffold-aware natural-product embedding dimension 921
feat_0922,float,,NaFM scaffold-aware natural-product embedding dimension 922
feat_0923,float,,NaFM scaffold-aware natural-product embedding dimension 923
feat_0924,float,,NaFM scaffold-aware natural-product embedding dimension 924
feat_0925,float,,NaFM scaffold-aware natural-product embedding dimension 925
feat_0926,float,,NaFM scaffold-aware natural-product embedding dimension 926
feat_0927,float,,NaFM scaffold-aware natural-product embedding dimension 927
feat_0928,float,,NaFM scaffold-aware natural-product embedding dimension 928
feat_0929,float,,NaFM scaffold-aware natural-product embedding dimension 929
feat_0930,float,,NaFM scaffold-aware natural-product embedding dimension 930
feat_0931,float,,NaFM scaffold-aware natural-product embedding dimension 931
feat_0932,float,,NaFM scaffold-aware natural-product embedding dimension 932
feat_0933,float,,NaFM scaffold-aware natural-product embedding dimension 933
feat_0934,float,,NaFM scaffold-aware natural-product embedding dimension 934
feat_0935,float,,NaFM scaffold-aware natural-product embedding dimension 935
feat_0936,float,,NaFM scaffold-aware natural-product embedding dimension 936
feat_0937,float,,NaFM scaffold-aware natural-product embedding dimension 937
feat_0938,float,,NaFM scaffold-aware natural-product embedding dimension 938
feat_0939,float,,NaFM scaffold-aware natural-product embedding dimension 939
feat_0940,float,,NaFM scaffold-aware natural-product embedding dimension 940
feat_0941,float,,NaFM scaffold-aware natural-product embedding dimension 941
feat_0942,float,,NaFM scaffold-aware natural-product embedding dimension 942
feat_0943,float,,NaFM scaffold-aware natural-product embedding dimension 943
feat_0944,float,,NaFM scaffold-aware natural-product embedding dimension 944
feat_0945,float,,NaFM scaffold-aware natural-product embedding dimension 945
feat_0946,float,,NaFM scaffold-aware natural-product embedding dimension 946
feat_0947,float,,NaFM scaffold-aware natural-product embedding dimension 947
feat_0948,float,,NaFM scaffold-aware natural-product embedding dimension 948
feat_0949,float,,NaFM scaffold-aware natural-product embedding dimension 949
feat_0950,float,,NaFM scaffold-aware natural-product embedding dimension 950
feat_0951,float,,NaFM scaffold-aware natural-product embedding dimension 951
feat_0952,float,,NaFM scaffold-aware natural-product embedding dimension 952
feat_0953,float,,NaFM scaffold-aware natural-product embedding dimension 953
feat_0954,float,,NaFM scaffold-aware natural-product embedding dimension 954
feat_0955,float,,NaFM scaffold-aware natural-product embedding dimension 955
feat_0956,float,,NaFM scaffold-aware natural-product embedding dimension 956
feat_0957,float,,NaFM scaffold-aware natural-product embedding dimension 957
feat_0958,float,,NaFM scaffold-aware natural-product embedding dimension 958
feat_0959,float,,NaFM scaffold-aware natural-product embedding dimension 959
feat_0960,float,,NaFM scaffold-aware natural-product embedding dimension 960
feat_0961,float,,NaFM scaffold-aware natural-product embedding dimension 961
feat_0962,float,,NaFM scaffold-aware natural-product embedding dimension 962
feat_0963,float,,NaFM scaffold-aware natural-product embedding dimension 963
feat_0964,float,,NaFM scaffold-aware natural-product embedding dimension 964
feat_0965,float,,NaFM scaffold-aware natural-product embedding dimension 965
feat_0966,float,,NaFM scaffold-aware natural-product embedding dimension 966
feat_0967,float,,NaFM scaffold-aware natural-product embedding dimension 967
feat_0968,float,,NaFM scaffold-aware natural-product embedding dimension 968
feat_0969,float,,NaFM scaffold-aware natural-product embedding dimension 969
feat_0970,float,,NaFM scaffold-aware natural-product embedding dimension 970
feat_0971,float,,NaFM scaffold-aware natural-product embedding dimension 971
feat_0972,float,,NaFM scaffold-aware natural-product embedding dimension 972
feat_0973,float,,NaFM scaffold-aware natural-product embedding dimension 973
feat_0974,float,,NaFM scaffold-aware natural-product embedding dimension 974
feat_0975,float,,NaFM scaffold-aware natural-product embedding dimension 975
feat_0976,float,,NaFM scaffold-aware natural-product embedding dimension 976
feat_0977,float,,NaFM scaffold-aware natural-product embedding dimension 977
feat_0978,float,,NaFM scaffold-aware natural-product embedding dimension 978
feat_0979,float,,NaFM scaffold-aware natural-product embedding dimension 979
feat_0980,float,,NaFM scaffold-aware natural-product embedding dimension 980
feat_0981,float,,NaFM scaffold-aware natural-product embedding dimension 981
feat_0982,float,,NaFM scaffold-aware natural-product embedding dimension 982
feat_0983,float,,NaFM scaffold-aware natural-product embedding dimension 983
feat_0984,float,,NaFM scaffold-aware natural-product embedding dimension 984
feat_0985,float,,NaFM scaffold-aware natural-product embedding dimension 985
feat_0986,float,,NaFM scaffold-aware natural-product embedding dimension 986
feat_0987,float,,NaFM scaffold-aware natural-product embedding dimension 987
feat_0988,float,,NaFM scaffold-aware natural-product embedding dimension 988
feat_0989,float,,NaFM scaffold-aware natural-product embedding dimension 989
feat_0990,float,,NaFM scaffold-aware natural-product embedding dimension 990
feat_0991,float,,NaFM scaffold-aware natural-product embedding dimension 991
feat_0992,float,,NaFM scaffold-aware natural-product embedding dimension 992
feat_0993,float,,NaFM scaffold-aware natural-product embedding dimension 993
feat_0994,float,,NaFM scaffold-aware natural-product embedding dimension 994
feat_0995,float,,NaFM scaffold-aware natural-product embedding dimension 995
feat_0996,float,,NaFM scaffold-aware natural-product embedding dimension 996
feat_0997,float,,NaFM scaffold-aware natural-product embedding dimension 997
feat_0998,float,,NaFM scaffold-aware natural-product embedding dimension 998
feat_0999,float,,NaFM scaffold-aware natural-product embedding dimension 999
feat_1000,float,,NaFM scaffold-aware natural-product embedding dimension 1000
feat_1001,float,,NaFM scaffold-aware natural-product embedding dimension 1001
feat_1002,float,,NaFM scaffold-aware natural-product embedding dimension 1002
feat_1003,float,,NaFM scaffold-aware natural-product embedding dimension 1003
feat_1004,float,,NaFM scaffold-aware natural-product embedding dimension 1004
feat_1005,float,,NaFM scaffold-aware natural-product embedding dimension 1005
feat_1006,float,,NaFM scaffold-aware natural-product embedding dimension 1006
feat_1007,float,,NaFM scaffold-aware natural-product embedding dimension 1007
feat_1008,float,,NaFM scaffold-aware natural-product embedding dimension 1008
feat_1009,float,,NaFM scaffold-aware natural-product embedding dimension 1009
feat_1010,float,,NaFM scaffold-aware natural-product embedding dimension 1010
feat_1011,float,,NaFM scaffold-aware natural-product embedding dimension 1011
feat_1012,float,,NaFM scaffold-aware natural-product embedding dimension 1012
feat_1013,float,,NaFM scaffold-aware natural-product embedding dimension 1013
feat_1014,float,,NaFM scaffold-aware natural-product embedding dimension 1014
feat_1015,float,,NaFM scaffold-aware natural-product embedding dimension 1015
feat_1016,float,,NaFM scaffold-aware natural-product embedding dimension 1016
feat_1017,float,,NaFM scaffold-aware natural-product embedding dimension 1017
feat_1018,float,,NaFM scaffold-aware natural-product embedding dimension 1018
feat_1019,float,,NaFM scaffold-aware natural-product embedding dimension 1019
feat_1020,float,,NaFM scaffold-aware natural-product embedding dimension 1020
feat_1021,float,,NaFM scaffold-aware natural-product embedding dimension 1021
feat_1022,float,,NaFM scaffold-aware natural-product embedding dimension 1022
feat_1023,float,,NaFM scaffold-aware natural-product embedding dimension 1023
